No,Segment,T,X,NeedleX,StageY,PickerZ
0,Base,,7.2,1.6,1.2,0
1,Node0->Node1,0.024390,7.2879,1.6195,1.2146,-0.0289
2,Node0->Node1,0.048780,7.376,1.6391,1.2293,-0.0571
3,Node0->Node1,0.073171,7.4648,1.6588,1.2441,-0.0848
4,Node0->Node1,0.097561,7.5546,1.6788,1.2591,-0.1122
5,Node0->Node1,0.121951,7.6456,1.699,1.2743,-0.1394
6,Node0->Node1,0.146341,7.7381,1.7196,1.2897,-0.1666
7,Node0->Node1,0.170732,7.8326,1.7406,1.3054,-0.1939
8,Node0->Node1,0.195122,7.9292,1.762,1.3215,-0.2216
9,Node0->Node1,0.219512,8.0283,1.7841,1.3381,-0.2498
10,Node0->Node1,0.243902,8.1303,1.8067,1.355,-0.2786
11,Node0->Node1,0.268293,8.2354,1.8301,1.3726,-0.3083
12,Node0->Node1,0.292683,8.3439,1.8542,1.3907,-0.3389
13,Node0->Node1,0.317073,8.4562,1.8792,1.4094,-0.3707
14,Node0->Node1,0.341463,8.5726,1.905,1.4288,-0.4038
15,Node0->Node1,0.365854,8.6934,1.9319,1.4489,-0.4384
16,Node0->Node1,0.390244,8.8188,1.9597,1.4698,-0.4746
17,Node0->Node1,0.414634,8.9493,1.9887,1.4916,-0.5127
18,Node0->Node1,0.439024,9.0851,2.0189,1.5142,-0.5527
19,Node0->Node1,0.463415,9.2266,2.0503,1.5378,-0.5949
20,Node0->Node1,0.487805,9.374,2.0831,1.5623,-0.6393
21,Node0->Node1,0.512195,9.5276,2.1173,1.5879,-0.6863
22,Node0->Node1,0.536585,9.6879,2.1529,1.6146,-0.7359
23,Node0->Node1,0.560976,9.855,2.19,1.6425,-0.7883
24,Node0->Node1,0.585366,10.0294,2.2288,1.6716,-0.8437
25,Node0->Node1,0.609756,10.2113,2.2692,1.7019,-0.9022
26,Node0->Node1,0.634146,10.401,2.3113,1.7335,-0.964
27,Node0->Node1,0.658537,10.5988,2.3553,1.7665,-1.0293
28,Node0->Node1,0.682927,10.8052,2.4011,1.8009,-1.0982
29,Node0->Node1,0.707317,11.0203,2.4489,1.8367,-1.1709
30,Node0->Node1,0.731707,11.2445,2.4988,1.8741,-1.2476
31,Node0->Node1,0.756098,11.478,2.5507,1.913,-1.3284
32,Node0->Node1,0.780488,11.7214,2.6047,1.9536,-1.4135
33,Node0->Node1,0.804878,11.9747,2.661,1.9958,-1.5031
34,Node0->Node1,0.829268,12.2384,2.7196,2.0397,-1.5973
35,Node0->Node1,0.853659,12.5127,2.7806,2.0854,-1.6962
36,Node0->Node1,0.878049,12.798,2.844,2.133,-1.8002
37,Node0->Node1,0.902439,13.0946,2.9099,2.1824,-1.9092
38,Node0->Node1,0.926829,13.4028,2.9784,2.2338,-2.0236
39,Node0->Node1,0.951220,13.7228,3.0495,2.2871,-2.1434
40,Node0->Node1,0.975610,14.0552,3.1234,2.3425,-2.2688
41,Base,,14.4,3.2,2.4,-2.4
42,Node1->Node2,0.024390,14.7659,3.2813,2.461,-2.54
43,Node1->Node2,0.048780,15.1603,3.369,2.5267,-2.6913
44,Node1->Node2,0.073171,15.5815,3.4626,2.5969,-2.8533
45,Node1->Node2,0.097561,16.028,3.5618,2.6713,-3.0254
46,Node1->Node2,0.121951,16.4982,3.6663,2.7497,-3.2069
47,Node1->Node2,0.146341,16.9906,3.7757,2.8318,-3.3974
48,Node1->Node2,0.170732,17.5035,3.8897,2.9173,-3.5962
49,Node1->Node2,0.195122,18.0355,4.0079,3.0059,-3.8026
50,Node1->Node2,0.219512,18.5849,4.13,3.0975,-4.0162
51,Node1->Node2,0.243902,19.1501,4.2556,3.1917,-4.2362
52,Node1->Node2,0.268293,19.7297,4.3844,3.2883,-4.4622
53,Node1->Node2,0.292683,20.322,4.516,3.387,-4.6934
54,Node1->Node2,0.317073,20.9256,4.6501,3.4876,-4.9293
55,Node1->Node2,0.341463,21.5387,4.7864,3.5898,-5.1693
56,Node1->Node2,0.365854,22.1598,4.9244,3.6933,-5.4128
57,Node1->Node2,0.390244,22.7875,5.0639,3.7979,-5.6592
58,Node1->Node2,0.414634,23.42,5.2045,3.9033,-5.9078
59,Node1->Node2,0.439024,24.0559,5.3458,4.0093,-6.1582
60,Node1->Node2,0.463415,24.6936,5.4875,4.1156,-6.4096
61,Node1->Node2,0.487805,25.3315,5.6292,4.2219,-6.6615
62,Node1->Node2,0.512195,25.968,5.7707,4.328,-6.9134
63,Node1->Node2,0.536585,26.6016,5.9115,4.4336,-7.1644
64,Node1->Node2,0.560976,27.2307,6.0513,4.5384,-7.4142
65,Node1->Node2,0.585366,27.8537,6.1897,4.6423,-7.6621
66,Node1->Node2,0.609756,28.4692,6.3265,4.7449,-7.9074
67,Node1->Node2,0.634146,29.0754,6.4612,4.8459,-8.1496
68,Node1->Node2,0.658537,29.6708,6.5935,4.9451,-8.3881
69,Node1->Node2,0.682927,30.254,6.7231,5.0423,-8.6223
70,Node1->Node2,0.707317,30.8232,6.8496,5.1372,-8.8515
71,Node1->Node2,0.731707,31.377,6.9727,5.2295,-9.0753
72,Node1->Node2,0.756098,31.9138,7.0919,5.319,-9.2929
73,Node1->Node2,0.780488,32.4319,7.2071,5.4053,-9.5037
74,Node1->Node2,0.804878,32.9299,7.3178,5.4883,-9.7073
75,Node1->Node2,0.829268,33.4062,7.4236,5.5677,-9.9029
76,Node1->Node2,0.853659,33.8591,7.5243,5.6432,-10.09
77,Node1->Node2,0.878049,34.2873,7.6194,5.7145,-10.268
78,Node1->Node2,0.902439,34.6889,7.7087,5.7815,-10.4363
79,Node1->Node2,0.926829,35.0626,7.7917,5.8438,-10.5942
80,Node1->Node2,0.951220,35.4067,7.8682,5.9011,-10.7412
81,Node1->Node2,0.975610,35.7197,7.9377,5.9533,-10.8767
82,Base,,36,8,6,-11
83,Node2->Node3,0.024390,36,8,6,-11.1129
84,Node2->Node3,0.048780,36,8,6,-11.2176
85,Node2->Node3,0.073171,36,8,6,-11.3145
86,Node2->Node3,0.097561,36,8,6,-11.4038
87,Node2->Node3,0.121951,36,8,6,-11.4858
88,Node2->Node3,0.146341,36,8,6,-11.5607
89,Node2->Node3,0.170732,36,8,6,-11.629
90,Node2->Node3,0.195122,36,8,6,-11.6908
91,Node2->Node3,0.219512,36,8,6,-11.7464
92,Node2->Node3,0.243902,36,8,6,-11.7962
93,Node2->Node3,0.268293,36,8,6,-11.8405
94,Node2->Node3,0.292683,36,8,6,-11.8794
95,Node2->Node3,0.317073,36,8,6,-11.9133
96,Node2->Node3,0.341463,36,8,6,-11.9426
97,Node2->Node3,0.365854,36,8,6,-11.9674
98,Node2->Node3,0.390244,36,8,6,-11.988
99,Node2->Node3,0.414634,36,8,6,-12
100,Node2->Node3,0.439024,36,8,6,-12
101,Node2->Node3,0.463415,36,8,6,-12
102,Node2->Node3,0.487805,36,8,6,-12
103,Node2->Node3,0.512195,36,8,6,-12
104,Node2->Node3,0.536585,36,8,6,-12
105,Node2->Node3,0.560976,36,8,6,-12
106,Node2->Node3,0.585366,36,8,6,-12
107,Node2->Node3,0.609756,36,8,6,-12
108,Node2->Node3,0.634146,36,8,6,-12
109,Node2->Node3,0.658537,36,8,6,-12
110,Node2->Node3,0.682927,36,8,6,-12
111,Node2->Node3,0.707317,36,8,6,-12
112,Node2->Node3,0.731707,36,8,6,-12
113,Node2->Node3,0.756098,36,8,6,-11.9967
114,Node2->Node3,0.780488,36,8,6,-11.9903
115,Node2->Node3,0.804878,36,8,6,-11.9845
116,Node2->Node3,0.829268,36,8,6,-11.9798
117,Node2->Node3,0.853659,36,8,6,-11.9765
118,Node2->Node3,0.878049,36,8,6,-11.9747
119,Node2->Node3,0.902439,36,8,6,-11.9748
120,Node2->Node3,0.926829,36,8,6,-11.9771
121,Node2->Node3,0.951220,36,8,6,-11.9819
122,Node2->Node3,0.975610,36,8,6,-11.9894
123,Base,,36,8,6,-12
